Price,Close,High,Low,Open,Volume
Ticker,BBCA.JK,BBCA.JK,BBCA.JK,BBCA.JK,BBCA.JK
Date,,,,,
2022-05-17,6786.7333984375,6855.517858556799,6672.092631572002,6672.092631572002,159657600
2022-05-18,6947.22998046875,6947.22998046875,6763.804766462975,6878.445525216584,153514300
2022-05-19,6832.58984375,6855.517997588087,6763.805382235738,6786.733536073825,140908900
2022-05-20,6786.7333984375,6855.517858556799,6786.7333984375,6809.6615518106,86520200
2022-05-23,6763.8056640625,6855.518283236229,6740.877509269068,6832.590128442796,71603500
2022-05-24,6740.87744140625,6855.518214219282,6717.949286843644,6717.949286843644,108710800
2022-05-25,6763.8056640625,6832.590128442796,6740.877509269068,6786.733818855932,76747400
2022-05-27,6947.22998046875,6947.22998046875,6855.517373465862,6901.373676967306,84336900
2022-05-30,6947.22998046875,6970.1581322194725,6855.517373465862,6947.22998046875,105411400
2022-05-31,7107.72802734375,7107.72802734375,6901.374633001512,6970.159097782258,286292700
2022-06-02,6947.22998046875,7038.942587471638,6901.373676967306,6993.086283970194,149226300
2022-06-03,6970.15869140625,7038.9431521767065,6947.230537816098,6970.15869140625,80563100
2022-06-06,6832.58984375,6947.230612940436,6809.661689911913,6924.302459102349,81140300
2022-06-07,6763.8056640625,6855.518283236229,6695.021199682204,6695.021199682204,129242500
2022-06-08,6970.15869140625,6970.15869140625,6809.661616275185,6878.446077045642,108910500
2022-06-09,6878.4453125,6947.229765625,6878.4453125,6878.4453125,107828300
2022-06-10,6740.87744140625,6832.590059656675,6740.87744140625,6786.733750531463,111768600
2022-06-13,6740.87744140625,6786.733750531463,6672.092977718431,6695.021132281037,85539500
2022-06-14,6786.7333984375,6786.7333984375,6649.1644781989025,6695.020784945102,80865100
2022-06-15,6717.94873046875,6763.805035796182,6695.020577805034,6695.020577805034,130367100
2022-06-16,6947.22998046875,6970.1581322194725,6763.804766462975,6786.732918213696,132666300
2022-06-17,6878.4453125,6924.3016145833335,6809.660859375,6809.660859375,117839400
2022-06-20,6993.0869140625,7016.015067879098,6878.446144979508,6970.158760245901,88138700
2022-06-21,7016.01416015625,7016.01416015625,6924.301556755515,6970.157858455882,44295700
2022-06-22,6878.4453125,7016.01421875,6878.4453125,6993.086067708334,53041800
2022-06-23,6901.37451171875,6947.230820766715,6832.5900481468025,6832.5900481468025,60443000
2022-06-24,6855.51806640625,6970.1588367474915,6855.51806640625,6970.1588367474915,57956600
2022-06-27,6740.87744140625,6878.446368781888,6740.87744140625,6855.518214219282,76354100
2022-06-28,6695.0205078125,6786.733117508562,6695.0205078125,6695.0205078125,146078100
2022-06-29,6672.0927734375,6786.73354274055,6672.0927734375,6717.949081158719,98517800
2022-06-30,6649.16455078125,6786.733472521551,6649.16455078125,6695.020858028017,101343900
2022-07-01,6649.16455078125,6717.949011651401,6649.16455078125,6695.020858028017,68738800
2022-07-04,6465.740234375,6672.093646110372,6419.883920656029,6649.165489250887,102238600
2022-07-05,6649.16455078125,6717.949011651401,6511.595629040949,6511.595629040949,69172900
2022-07-06,6695.0205078125,6717.948660236515,6580.379745692423,6695.0205078125,66801100
2022-07-07,6511.595703125,6649.164626430458,6511.595703125,6626.236472546215,86126800
2022-07-08,6557.45166015625,6580.379812814139,6488.667202182583,6534.523507498361,64312400
2022-07-11,6534.5244140625,6603.308881578947,6534.5244140625,6603.308881578947,36830800
2022-07-12,6580.3798828125,6649.164341517857,6557.451729910715,6580.3798828125,34269000
2022-07-13,6419.8828125,6534.523577008928,6419.8828125,6511.595424107143,71988200
2022-07-14,6442.81103515625,6511.595494606317,6419.882882006228,6442.81103515625,83316300
2022-07-15,6419.8828125,6511.595424107143,6419.8828125,6511.595424107143,57419900
2022-07-18,6557.45166015625,6557.45166015625,6442.810896866805,6442.810896866805,60077700
2022-07-19,6580.3798828125,6580.3798828125,6511.595424107143,6511.595424107143,59641000
2022-07-20,6786.7333984375,6786.7333984375,6580.380018079603,6603.308171452703,105792900
2022-07-21,6786.7333984375,6786.7333984375,6649.1644781989025,6786.7333984375,64337100
2022-07-22,6717.94873046875,6786.733188459898,6695.020577805034,6786.733188459898,38956500
2022-07-25,6695.0205078125,6763.804965084546,6695.0205078125,6740.876812660531,31247600
2022-07-26,6695.0205078125,6763.804965084546,6649.164202964469,6649.164202964469,44379900
2022-07-27,6717.94873046875,6740.876883132466,6672.092425141318,6717.94873046875,58465500
2022-07-28,6740.87744140625,6832.590059656675,6717.949286843644,6763.805595968856,86909700
2022-07-29,6740.87744140625,6855.518214219282,6740.87744140625,6786.733750531463,131553000
2022-08-01,6878.4453125,6878.4453125,6740.87640625,6740.87640625,104841600
2022-08-02,6970.15869140625,6993.086844996403,6878.446077045642,6970.15869140625,106466900
2022-08-03,6993.0869140625,6993.0869140625,6947.2306064293025,6993.0869140625,60170600
2022-08-04,7153.58349609375,7153.58349609375,7016.014582707332,7038.942734938401,164221000
2022-08-05,7222.36767578125,7222.36767578125,7084.798767671131,7176.511373077877,118734200
2022-08-08,7222.36767578125,7268.223978484622,7107.726919022817,7222.36767578125,84328900
2022-08-09,7245.296875,7314.081339003165,7222.368720332279,7222.368720332279,92875800
2022-08-10,7245.296875,7245.296875,7084.79979232595,7153.584256329114,104376300
2022-08-11,7291.15234375,7291.15234375,7176.511583628144,7199.439735652515,73204700
2022-08-12,7268.224609375,7314.080916058754,7199.44014934937,7268.224609375,59381200
2022-08-15,7291.15234375,7314.08049577437,7245.2960397012575,7291.15234375,81411000
2022-08-16,7314.0810546875,7314.0810546875,7199.440285805251,7291.152900911051,83556700
2022-08-18,7337.0087890625,7359.93694152832,7222.368026733398,7245.296179199218,86136900
2022-08-19,7245.296875,7382.86580300633,7245.296875,7382.86580300633,58194900
2022-08-22,7337.0087890625,7337.0087890625,7176.511721801758,7199.439874267578,97293300
2022-08-23,7245.296875,7337.0094936708865,7245.296875,7337.0094936708865,71671800
2022-08-24,7291.15234375,7359.936799823113,7245.2960397012575,7291.15234375,108892400
2022-08-25,7405.79345703125,7428.721610148994,7245.296385207043,7337.008997678018,99503500
2022-08-26,7337.0087890625,7451.649551391602,7337.0087890625,7359.93694152832,80472400
2022-08-29,7474.57763671875,7474.57763671875,7291.152418639762,7337.008723159509,57762100
2022-08-30,7497.505859375,7589.218469275612,7405.793249474388,7428.721401949541,124467000
2022-08-31,7520.4345703125,7543.362724490282,7382.865645245808,7405.79379942359,137659900
2022-09-01,7474.57763671875,7566.290245758244,7451.649484458876,7474.57763671875,74960800
2022-09-02,7543.36279296875,7543.36279296875,7474.57832981098,7474.57832981098,71430600
2022-09-05,7589.21923828125,7612.147393079683,7520.4347738859515,7543.362928684384,62906000
2022-09-06,7589.21923828125,7658.0037026765485,7566.291083482817,7612.147393079683,67079900
2022-09-07,7680.93115234375,7680.93115234375,7566.290388875933,7566.290388875933,117931700
2022-09-08,7658.00341796875,7795.572341644835,7658.00341796875,7703.859725860778,132777400
2022-09-09,7680.93115234375,7795.571915811567,7589.218541569497,7795.571915811567,91234600
2022-09-12,7680.93115234375,7726.787457730877,7635.074846956623,7635.074846956623,52395300
2022-09-13,7818.5,7864.356304985337,7680.931085043988,7680.931085043988,124485200
2022-09-14,7795.57275390625,7933.141684857537,7680.931978113511,7680.931978113511,116642400
2022-09-15,8024.853515625,8139.494280133928,7795.571986607143,7795.571986607143,190404800
2022-09-16,7749.7158203125,8001.925506772374,7749.7158203125,7978.99735345784,363127600
2022-09-19,7933.14111328125,8024.853727307623,7749.715885228504,7772.644038735098,102530600
2022-09-20,7841.42919921875,7933.141821431835,7841.42919921875,7841.42919921875,89238400
2022-09-21,7772.64404296875,7887.28481056416,7726.787735930587,7818.500350006914,90933700
2022-09-22,7772.64404296875,7818.500350006914,7680.931428892422,7680.931428892422,61908500
2022-09-23,7680.93115234375,7772.643763118004,7680.93115234375,7680.93115234375,60567600
2022-09-26,7726.7880859375,7795.572549610533,7520.434694918397,7520.434694918397,106228200
2022-09-27,7612.14697265625,7749.715893848833,7612.14697265625,7680.931433252542,89567100
2022-09-28,7635.07470703125,7726.787316124718,7566.290250211148,7566.290250211148,89153400
2022-09-29,7680.93115234375,7749.7156104244405,7635.074846956623,7635.074846956623,62643700
2022-09-30,7841.42919921875,7864.357354772021,7589.219488132767,7680.9321103458515,176524800
2022-10-03,7795.57275390625,7818.500909064798,7749.716443589155,7749.716443589155,115079600
2022-10-04,7841.42919921875,7910.213665878563,7818.501043665478,7818.501043665478,80524500
2022-10-05,7749.7158203125,7841.428433570636,7726.787666997966,7818.500280256102,63788000
2022-10-06,7726.7880859375,7795.572549610533,7726.7880859375,7772.6443950528555,43967400
2022-10-07,7520.4345703125,7680.931649556974,7520.4345703125,7635.07534120141,112043400
2022-10-10,7612.14697265625,7680.931433252542,7451.64989793157,7474.578051463667,80238200
2022-10-11,7566.2900390625,7612.146342329545,7474.577432528409,7520.433735795455,64060000
2022-10-12,7635.07470703125,7635.07470703125,7497.5057933910475,7520.433945664414,47569700
2022-10-13,7589.21923828125,7680.9318574749805,7589.21923828125,7589.21923828125,62282800
2022-10-14,7566.2900390625,7658.002645596591,7566.2900390625,7612.146342329545,70642900
2022-10-17,7566.2900390625,7612.146342329545,7497.505584161932,7566.2900390625,56387500
2022-10-18,7612.14697265625,7772.644047380931,7566.290665592056,7589.218819124153,85665300
2022-10-19,7589.21923828125,7658.0037026765485,7543.362928684384,7566.291083482817,66753500
2022-10-20,7795.57275390625,7795.57275390625,7566.291202320772,7566.291202320772,91812300
2022-10-21,7933.14111328125,8001.92557380103,7749.715885228504,7749.715885228504,122777800
2022-10-24,8162.42236328125,8162.42236328125,8001.925294340326,8024.853447046173,89416500
2022-10-25,7978.99755859375,8139.494635921785,7978.99755859375,8093.638328113775,84696300
2022-10-26,7841.42919921875,7933.141821431835,7841.42919921875,7910.213665878563,98962100
2022-10-27,7978.99755859375,7978.99755859375,7841.428635169719,7841.428635169719,77003400
2022-10-28,8024.853515625,8024.853515625,7933.140904017857,7933.140904017857,84980600
2022-10-31,8070.7099609375,8116.566267533736,8047.781807639382,8116.566267533736,138922800
2022-11-01,8070.7099609375,8254.135187322443,8001.925501043146,8254.135187322443,118118400
2022-11-02,8024.853515625,8093.637974330357,8001.925362723215,8070.709821428572,68323600
2022-11-03,8070.7099609375,8093.638114235618,7978.9973477450285,7978.9973477450285,81856300
2022-11-04,8047.78271484375,8070.710870726496,7956.0700913127675,8047.78271484375,84458300
2022-11-07,8116.56640625,8116.56640625,7956.069330420198,8001.925637800141,94794000
2022-11-08,8024.853515625,8139.494280133928,8001.925362723215,8116.566127232143,42525500
2022-11-09,8139.49462890625,8139.49462890625,7956.069397832306,7956.069397832306,96599500
2022-11-10,8070.7099609375,8070.7099609375,8001.925501043146,8001.925501043146,89463000
2022-11-11,8116.56640625,8185.350867319915,8093.6382525600275,8162.422713629943,59597900
2022-11-14,8024.853515625,8162.422433035715,8024.853515625,8139.494280133928,49208200
2022-11-15,8070.7099609375,8116.566267533736,8024.853654341265,8047.781807639382,59092900
2022-11-16,7887.28466796875,7956.069127282431,7841.428361759629,7910.21282107331,143424800
2022-11-17,8001.92529296875,8093.6379037764145,7887.284529459169,7910.212682161085,72679800
2022-11-18,8093.63818359375,8162.42264407755,8001.925569615351,8001.925569615351,83556900
2022-11-21,8001.92529296875,8162.4223618821625,8001.92529296875,8139.494209180247,35901000
2022-11-22,8162.42236328125,8208.278668692943,8116.566057869558,8162.42236328125,84684200
2022-11-23,8139.49462890625,8231.207244443221,8139.49462890625,8162.422782790493,84642100
2022-11-24,8254.134765625,8254.134765625,8208.278461371528,8231.206613498265,53520800
2022-11-25,8231.2060546875,8254.13420525766,8162.42160297702,8254.13420525766,75048300
2022-11-28,8277.0634765625,8345.847937586565,8231.207169213123,8299.991630237188,96209700
2022-11-29,8231.2060546875,8322.91865696814,8185.34975354718,8231.2060546875,91562100
2022-11-30,8529.2724609375,8620.985068044354,8116.565728956653,8139.4938807333665,644359600
2022-12-01,8254.134765625,8575.128895399306,8254.134765625,8506.344439019098,155775400
2022-12-02,8194.2890625,8263.342060217698,8194.2890625,8194.2890625,130982100
2022-12-05,8079.2021484375,8194.290498130342,8079.202148437499,8102.219818376068,114656300
2022-12-06,7987.130859375,8056.183863922911,7895.060186644453,8033.166195740274,180553800
2022-12-07,7779.97119140625,7895.059522640071,7779.97119140625,7826.006523899779,229308700
2022-12-08,7826.00732421875,7895.06033002068,7687.901312614889,7710.918981215533,172590100
2022-12-09,7895.05908203125,7918.076746993441,7779.9707572203,7826.006087144679,90851300
2022-12-12,8010.1484375,8010.1484375,7802.989426185344,7849.024762033046,102851800
2022-12-13,8010.1484375,8010.1484375,7872.042429956896,7941.095433728448,104580200
2022-12-14,7941.09619140625,8010.149201766304,7849.025510926178,7918.078521286232,118164300
2022-12-15,7826.00732421875,7918.077998621323,7826.00732421875,7895.06033002068,113255700
2022-12-16,7918.0771484375,7964.112480695858,7733.93581940407,7756.953485533249,181516700
2022-12-19,7964.11279296875,8010.148127032153,7918.077458905346,7964.11279296875,67482900
2022-12-20,7895.05908203125,7964.1120769178215,7872.04141706906,7872.04141706906,41243700
2022-12-21,7987.130859375,8010.148527557637,7895.060186644453,7918.07785482709,33617700
2022-12-22,7895.05908203125,7987.129741880011,7895.059082031251,7964.1120769178215,59591500
2022-12-23,7826.00732421875,7895.06033002068,7826.00732421875,7849.024992819393,47393000
2022-12-26,7895.05908203125,7941.094411955631,7826.006087144679,7826.006087144679,20495900
2022-12-27,7918.0771484375,7964.112480695858,7895.059482308321,7918.0771484375,27193800
2022-12-28,7964.11279296875,7964.11279296875,7872.042124841943,7964.11279296875,40420200
2022-12-29,7895.05908203125,7918.076746993441,7826.006087144679,7849.02375210687,47020900
2022-12-30,7872.04296875,7964.113646747076,7872.04296875,7895.060638249269,44681400
2023-01-02,7872.04296875,7918.078307748538,7826.0076297514615,7895.060638249269,10653900
2023-01-03,7872.04296875,7918.078307748538,7849.025299250731,7872.04296875,27399100
2023-01-04,7687.90087890625,7895.0598846252815,7687.90087890625,7849.024550021052,90918800
2023-01-05,7595.82958984375,7710.917916962595,7503.758928148674,7687.9002515388265,128838500
2023-01-06,7641.865234375,7664.8829007436,7457.723903426205,7457.723903426205,69286600
2023-01-09,7779.97119140625,7779.97119140625,7664.88286017243,7664.88286017243,86916900
2023-01-10,7526.77685546875,7756.9535177155,7503.759189244075,7733.935851490825,101759100
2023-01-11,7480.7421875,7503.759855769231,7365.653846153847,7411.689182692308,96069100
2023-01-12,7526.77685546875,7618.847520367451,7480.7415230194,7503.759189244075,103804600
2023-01-13,7411.68896484375,7526.777302807162,7388.671297251068,7503.75963521448,119748200
2023-01-16,7503.75927734375,7549.794610333589,7411.688611364072,7411.688611364072,105710700
2023-01-17,7664.8828125,7710.918144707207,7503.759149774775,7526.776815878378,88695900
2023-01-18,7641.865234375,7664.8829007436,7526.776902532003,7549.794568900603,96814600
2023-01-19,7664.8828125,7687.900478603604,7595.829814189189,7687.900478603604,66391800
2023-01-20,7641.865234375,7664.8829007436,7595.829901637801,7618.847568006401,96859500
2023-01-24,7572.8125,7687.900835866261,7572.8125,7641.865501519756,42474500
2023-01-25,7549.794921875,7641.865591653963,7549.794921875,7641.865591653963,66124500
2023-01-26,7802.9892578125,7802.9892578125,7572.812583540745,7572.812583540745,77582300
2023-01-27,8010.1484375,8148.254445043103,7872.042429956896,8010.1484375,196804700
2023-01-30,8010.1484375,8079.201441271552,7895.060097880747,8033.16610542385,68544300
2023-01-31,7802.9892578125,7987.130597229904,7802.9892578125,7941.095262375554,200589000
2023-02-01,7826.00732421875,7895.06033002068,7779.971987017463,7895.06033002068,77396200
2023-02-02,7779.97119140625,7849.024190146542,7733.935858912722,7756.953525159486,99109500
2023-02-03,8010.1484375,8010.1484375,7826.007094109195,7872.042429956896,71716700
2023-02-06,8033.16552734375,8056.18319361121,7964.112528541368,8056.18319361121,117757700
2023-02-07,8148.25439453125,8148.25439453125,8056.183723406603,8079.201391187765,116014700
2023-02-08,8125.236328125,8148.253994776912,8102.218661473087,8125.236328125,54495500
2023-02-09,8194.2890625,8194.2890625,8102.2183988764045,8125.236064782303,72381700
2023-02-10,8125.236328125,8194.289328080737,8010.147994865439,8171.271661428824,62060900
2023-02-13,8171.27197265625,8194.28964018486,8079.201302541813,8171.27197265625,63775000
2023-02-14,8240.3251953125,8240.3251953125,8125.236854595844,8148.254522739176,81678200
2023-02-15,8171.27197265625,8194.28964018486,8056.1836350132035,8171.27197265625,38037000
2023-02-16,8010.1484375,8148.254445043103,8010.1484375,8125.236777119252,66040400
2023-02-17,8033.16552734375,8148.253858681053,8033.16552734375,8079.2008598786715,43588900
2023-02-20,8056.18310546875,8125.236103515625,8010.147773437499,8033.165439453124,40077000
2023-02-21,8010.1484375,8102.219109195402,8010.1484375,8079.201441271552,25390500
2023-02-22,7987.130859375,8056.183863922911,7941.095523009726,8010.148527557637,38671900
2023-02-23,8033.16552734375,8056.18319361121,7941.094862273908,7941.094862273908,53412300
2023-02-24,7987.130859375,8148.254536653459,7987.130859375,8079.201532105548,44123400
2023-02-27,8079.2021484375,8079.202148437499,7964.113798744657,7987.131468683226,59983900
2023-02-28,8056.18310546875,8079.200771484375,7987.1301074218745,8079.200771484375,106349400
2023-03-01,7918.0771484375,8056.1831452125725,7918.0771484375,8033.165479083394,67034700
2023-03-02,7941.09619140625,8010.149201766304,7918.078521286232,7918.078521286232,56672000
2023-03-03,7802.9892578125,7987.130597229904,7802.9892578125,7964.112929802729,95376900
2023-03-06,7733.93603515625,7872.042035784039,7733.93603515625,7872.042035784039,92652000
2023-03-07,7756.9541015625,7802.989437476818,7687.901097691024,7687.901097691024,106115600
2023-03-08,7895.05908203125,7895.059082031251,7733.935427295919,7733.935427295919,79350900
2023-03-09,7895.05908203125,7964.1120769178215,7872.04141706906,7964.1120769178215,54201400
2023-03-10,7779.97119140625,7872.041856393306,7779.97119140625,7826.006523899779,59580100
2023-03-13,7872.04296875,7941.095977247807,7779.972290752924,7779.972290752924,82077700
2023-03-14,7664.8828125,7802.988809121622,7664.8828125,7756.953476914415,90495300
2023-03-15,7664.8828125,7802.988809121622,7664.8828125,7779.971143018018,86747400
2023-03-16,7641.865234375,7687.9005671121995,7595.829901637801,7641.865234375,105894000
2023-03-17,7710.91796875,7779.970965485075,7664.882637593284,7710.91796875,198558600
2023-03-20,7733.93603515625,7802.989035470145,7710.9183683849515,7733.93603515625,37277900
2023-03-21,7826.00732421875,7826.00732421875,7710.918981215533,7733.936649816176,91617400
2023-03-24,8125.236328125,8125.236328125,7941.094994909702,8010.147994865439,145603600
2023-03-27,8010.1484375,8125.236777119252,8010.1484375,8125.236777119252,110692800
2023-03-28,7987.130859375,8102.219200288185,7987.130859375,8102.219200288185,98296600
2023-03-29,8264.1669921875,8264.1669921875,8099.822762229226,8146.778256503018,101068200
2023-03-30,8287.646484375,8358.079740616147,8264.168732294618,8358.079740616147,118912100
2023-03-31,8217.2119140625,8311.122907366072,8193.734165736607,8287.64515904018,97146900
2023-04-03,8264.1669921875,8287.644739324396,8217.211497913708,8287.644739324396,60288900
2023-04-04,8240.689453125,8287.644948584402,8123.300714476495,8287.644948584402,60975800
2023-04-05,8193.7353515625,8264.168606733525,8193.7353515625,8240.69085500985,36922100
2023-04-06,8217.2119140625,8240.689662388393,8170.256417410715,8170.256417410715,45489400
2023-04-10,8264.1669921875,8264.1669921875,8170.2560036399145,8193.733750776812,32996000
2023-04-11,8287.646484375,8287.646484375,8217.213228133853,8287.646484375,44554300
2023-04-12,8358.078125,8358.078125,8287.644882373595,8358.078125,91903600
2023-04-13,8381.556640625,8405.034390318628,8334.601141237745,8405.034390318628,51726500
2023-04-14,8451.990234375,8451.990234375,8405.034733072916,8451.990234375,110354200
2023-04-17,8475.4677734375,8498.945523502423,8358.079023112881,8475.4677734375,83946900
2023-04-18,8569.37890625,8616.334407106164,8475.46790453767,8498.945654965753,91178700
2023-04-26,8639.8125,8639.8125,8451.990489130436,8569.379245923914,186928200
2023-04-27,8592.8564453125,8616.334195163081,8522.423195760759,8545.900945611338,54842400
2023-04-28,8498.9443359375,8569.377576290573,8498.9443359375,8545.899829506216,145775300
2023-05-02,8498.9443359375,8545.899829506216,8358.077855231353,8545.899829506216,83645900
2023-05-03,8381.556640625,8498.945389093136,8334.601141237745,8498.945389093136,83728800
2023-05-04,8451.990234375,8475.467985026042,8334.601481119793,8381.556982421875,67565000
2023-05-05,8451.990234375,8498.945735677084,8405.034733072916,8451.990234375,64815100
2023-05-08,8451.990234375,8522.423486328125,8405.034733072916,8451.990234375,84754500
2023-05-09,8381.556640625,8428.512140012255,8358.078890931372,8405.034390318628,40929600
2023-05-10,8381.556640625,8405.034390318628,8358.078890931372,8381.556640625,45322600
2023-05-11,8287.646484375,8358.079740616147,8264.168732294618,8358.079740616147,81993900
2023-05-12,8264.1669921875,8334.600233598188,8193.733750776812,8217.211497913708,96525600
2023-05-15,8240.689453125,8334.600444043803,8193.733957665598,8334.600444043803,64830300
2023-05-16,8170.25634765625,8287.645088283494,8170.25634765625,8264.167340158046,49497000
2023-05-17,8240.689453125,8311.122696314102,8217.211705395299,8240.689453125,69996100
2023-05-19,8451.990234375,8451.990234375,8287.64597981771,8358.079231770833,123592500
2023-05-22,8451.990234375,8522.423486328125,8381.556982421875,8451.990234375,91000000
2023-05-23,8569.37890625,8592.856656678083,8475.46790453767,8498.945654965753,102980500
2023-05-24,8475.4677734375,8639.812023891967,8475.4677734375,8639.812023891967,77392900
2023-05-25,8498.9443359375,8592.855323074931,8498.9443359375,8545.899829506216,76325700
2023-05-26,8592.8564453125,8639.811945013662,8545.900945611338,8616.334195163081,55675900
2023-05-29,8592.8564453125,8686.767444714822,8522.423195760759,8686.767444714822,79148200
2023-05-30,8686.7666015625,8757.199844277871,8592.855611275338,8639.81110641892,97189500
2023-05-31,8498.9443359375,8757.199550565434,8498.9443359375,8733.721803781076,722827900
2023-06-05,8639.8125,8757.201256793478,8545.901494565218,8592.85699728261,163535600
2023-06-06,8592.8564453125,8639.811945013662,8498.945445910178,8498.945445910178,74872200
2023-06-07,8545.9013671875,8616.33462021377,8522.423616178743,8569.379118196257,87492200
2023-06-08,8569.37890625,8569.37890625,8522.423405393836,8522.423405393836,53188400
2023-06-09,8545.9013671875,8616.33462021377,8545.9013671875,8616.33462021377,44632400
2023-06-12,8592.8564453125,8592.8564453125,8545.900945611338,8592.8564453125,38082300
2023-06-13,8592.8564453125,8616.334195163081,8545.900945611338,8616.334195163081,45552600
2023-06-14,8522.4228515625,8569.378349367253,8498.945102660124,8545.900600464876,72223700
2023-06-15,8498.9443359375,8545.899829506216,8498.9443359375,8545.899829506216,59073000
2023-06-16,8498.9443359375,8545.899829506216,8428.511095584427,8545.899829506216,112769400
2023-06-19,8451.990234375,8498.945735677084,8451.990234375,8451.990234375,32330600
2023-06-20,8498.9443359375,8498.9443359375,8405.033348800069,8475.466589153142,54990100
2023-06-21,8569.37890625,8569.37890625,8451.99015410959,8498.945654965753,42676300
2023-06-22,8498.9443359375,8592.855323074931,8498.9443359375,8569.377576290573,48291100
2023-06-23,8498.9443359375,8592.855323074931,8475.466589153142,8475.466589153142,47813500
2023-06-26,8522.4228515625,8569.378349367253,8475.467353757747,8475.467353757747,36389900
2023-06-27,8592.8564453125,8592.8564453125,8498.945445910178,8498.945445910178,36225100
2023-07-03,8522.4228515625,8522.4228515625,8475.467353757747,8475.467353757747,108855900
2023-07-04,8498.9443359375,8592.855323074931,8498.9443359375,8592.855323074931,35049300
2023-07-05,8498.9443359375,8522.422082721858,8475.466589153142,8498.9443359375,44609200
2023-07-06,8522.4228515625,8545.900600464876,8475.467353757747,8498.945102660124,52532400
2023-07-07,8475.4677734375,8545.901023632272,8475.4677734375,8475.4677734375,37641300
2023-07-10,8498.9443359375,8545.899829506216,8498.9443359375,8545.899829506216,28981500
2023-07-11,8475.4677734375,8545.901023632272,8475.4677734375,8545.901023632272,43703500
2023-07-12,8616.3330078125,8616.3330078125,8498.944274736035,8522.422021351329,61566500
2023-07-13,8569.37890625,8663.28990796233,8569.37890625,8639.812157534247,65230900
2023-07-14,8639.8125,8639.8125,8569.379245923914,8616.334748641304,55554500
2023-07-17,8616.3330078125,8686.76624765838,8616.3330078125,8639.810754427794,62550100
2023-07-18,8592.8564453125,8686.767444714822,8545.900945611338,8639.811945013662,52924600
2023-07-20,8592.8564453125,8663.289694864241,8569.378695461919,8639.811945013662,83476600
2023-07-21,8592.8564453125,8616.334195163081,8569.378695461919,8592.8564453125,42667800
2023-07-24,8545.9013671875,8639.812371222528,8545.9013671875,8639.812371222528,62061200
2023-07-25,8592.8564453125,8733.722944415984,8592.8564453125,8616.334195163081,122802700
2023-07-26,8780.677734375,8780.677734375,8569.37800279913,8616.33349870488,113868700
2023-07-27,8663.2890625,8827.633299457995,8663.2890625,8827.633299457995,77848400
2023-07-28,8569.37890625,8663.28990796233,8569.37890625,8639.812157534247,74510200
2023-07-31,8569.37890625,8639.812157534247,8545.901155821917,8616.334407106164,80868000
2023-08-01,8569.37890625,8616.334407106164,8545.901155821917,8616.334407106164,49756400
2023-08-02,8639.8125,8639.8125,8569.379245923914,8569.379245923914,60629900
2023-08-03,8686.7666015625,8733.722096706082,8592.855611275338,8592.855611275338,64596100
2023-08-04,8592.8564453125,8710.245194565403,8569.378695461919,8686.767444714822,52675900
2023-08-07,8710.2451171875,8710.2451171875,8592.856368977426,8592.856368977426,55589300
2023-08-08,8639.8125,8733.723505434784,8639.8125,8710.245754076088,43373400
2023-08-09,8827.634765625,8827.634765625,8686.76825340758,8710.246005443816,77056800
2023-08-10,8827.634765625,8851.112517661237,8780.679261552526,8827.634765625,76738100
2023-08-11,8827.634765625,8874.590269697474,8804.157013588763,8851.112517661237,68898600
2023-08-14,8780.677734375,8780.677734375,8663.288994610628,8757.199986422125,75495400
2023-08-15,8733.72265625,8804.155903477822,8733.72265625,8757.20040532594,59303700
2023-08-16,8733.72265625,8757.20040532594,8686.767158098119,8710.24490717406,53440000
2023-08-18,8686.7666015625,8780.677591849662,8686.7666015625,8686.7666015625,79328900
2023-08-21,8616.3330078125,8686.76624765838,8616.3330078125,8663.288501043085,73573000
2023-08-22,8733.72265625,8757.20040532594,8592.856161794354,8592.856161794354,65664600
2023-08-23,8733.72265625,8757.20040532594,8710.24490717406,8733.72265625,63749800
2023-08-24,8639.8125,8757.201256793478,8639.8125,8686.768002717392,53725900
2023-08-25,8710.2451171875,8710.2451171875,8616.334118619441,8639.811868261455,50379000
2023-08-28,8639.8125,8686.768002717392,8639.8125,8686.768002717392,44423100
2023-08-29,8686.7666015625,8733.722096706082,8639.81110641892,8710.244349134291,45428500
2023-08-30,8639.8125,8733.723505434784,8639.8125,8733.723505434784,56227000
2023-08-31,8616.3330078125,8663.288501043085,8545.89976796662,8639.810754427794,136107200
2023-09-01,8663.2890625,8710.244558773713,8616.333566226287,8639.811314363144,42152700
2023-09-04,8663.2890625,8710.244558773713,8616.333566226287,8663.2890625,40610600
2023-09-05,8663.2890625,8686.766810636856,8639.811314363144,8686.766810636856,42007200
2023-09-06,8592.8564453125,8686.767444714822,8592.8564453125,8639.811945013662,49318400
2023-09-07,8616.3330078125,8616.3330078125,8545.89976796662,8569.377514581915,61405200
2023-09-08,8569.37890625,8592.856656678083,8498.945654965753,8545.901155821917,80732300
2023-09-11,8569.37890625,8569.37890625,8522.423405393836,8522.423405393836,53155900
2023-09-12,8545.9013671875,8569.379118196257,8522.423616178743,8545.9013671875,66479000
2023-09-13,8522.4228515625,8522.4228515625,8451.989604855373,8498.945102660124,69490200
2023-09-14,8545.9013671875,8569.379118196257,8451.990363152472,8451.990363152472,112757900
2023-09-15,8451.990234375,8545.901236979167,8451.990234375,8498.945735677084,121005300
2023-09-18,8451.990234375,8522.423486328125,8451.990234375,8498.945735677084,34272200
2023-09-19,8522.4228515625,8522.4228515625,8428.511855952996,8451.989604855373,33325800
2023-09-20,8592.8564453125,8616.334195163081,8522.423195760759,8569.378695461919,54305500
2023-09-21,8569.37890625,8592.856656678083,8522.423405393836,8569.37890625,40607000
2023-09-22,8522.4228515625,8592.856098269629,8522.4228515625,8569.378349367253,42445300
2023-09-25,8451.990234375,8522.423486328125,8451.990234375,8522.423486328125,56132200
2023-09-26,8405.0341796875,8475.467427003317,8405.0341796875,8451.989677898046,73544700
2023-09-27,8334.6005859375,8451.989326584506,8334.6005859375,8358.0783340669,84345000
2023-09-29,8287.646484375,8358.079740616147,8287.646484375,8287.646484375,118960000
2023-10-02,8522.4228515625,8545.900600464876,8334.600860343491,8358.078609245867,93663000
2023-10-03,8639.8125,8639.8125,8475.46824048913,8522.423743206522,98380200
2023-10-04,8639.8125,8686.768002717392,8569.379245923914,8639.8125,112582800
2023-10-05,8522.4228515625,8639.81159607438,8522.4228515625,8639.81159607438,72855700
2023-10-06,8475.4677734375,8545.901023632272,8475.4677734375,8545.901023632272,53344400
2023-10-09,8498.9443359375,8569.377576290573,8475.466589153142,8475.466589153142,43774500
2023-10-10,8381.556640625,8451.989889705883,8381.556640625,8451.989889705883,71966100
2023-10-11,8381.556640625,8475.46763939951,8381.556640625,8381.556640625,84305800
2023-10-12,8498.9443359375,8545.899829506216,8451.988842368784,8451.988842368784,71064500
2023-10-13,8522.4228515625,8569.378349367253,8475.467353757747,8545.900600464876,62941800
2023-10-16,8545.9013671875,8569.379118196257,8498.945865169986,8569.379118196257,29429200
2023-10-17,8405.0341796875,8522.422925213861,8405.0341796875,8498.94517610859,59606000
2023-10-18,8311.123046875,8405.034041754943,8311.123046875,8381.556293034957,50919200
2023-10-19,8217.2119140625,8311.122907366072,8217.2119140625,8287.64515904018,89509700
2023-10-20,8428.51171875,8475.46721579039,8193.73423354805,8193.73423354805,64554500
2023-10-23,8311.123046875,8381.556293034957,8311.123046875,8334.600795594986,50633500
2023-10-24,8240.689453125,8334.600444043803,8240.689453125,8240.689453125,76963200
2023-10-25,8334.6005859375,8381.556082196303,8287.645089678697,8287.645089678697,54748400
2023-10-26,8193.7353515625,8405.035117075573,8193.7353515625,8381.557365351899,63199400
2023-10-27,8170.25634765625,8264.167340158046,8170.25634765625,8193.7340957817,52450700
2023-10-30,8311.123046875,8311.123046875,8170.256554555084,8170.256554555084,51958200
2023-10-31,8217.2119140625,8287.64515904018,8193.734165736607,8264.167410714286,64907600
2023-11-01,8076.345703125,8240.68994708394,8076.345703125,8217.212197946948,67027600
2023-11-02,8311.123046875,8358.07854431497,8193.73430327507,8193.73430327507,56050900
2023-11-03,8358.078125,8405.033620084268,8311.12262991573,8381.555872542134,60414100
2023-11-06,8498.9443359375,8498.9443359375,8405.033348800069,8428.511095584427,84994200
2023-11-07,8428.51171875,8475.46721579039,8358.078473189415,8451.989467270194,60648200
2023-11-08,8451.990234375,8451.990234375,8358.079231770833,8405.034733072916,31829300
2023-11-09,8451.990234375,8498.945735677084,8358.079231770833,8358.079231770833,46076800
2023-11-10,8287.646484375,8451.990748937676,8287.646484375,8405.035244776913,50754600
2023-11-13,8334.6005859375,8381.556082196303,8311.122837808098,8334.6005859375,20827700
2023-11-14,8381.556640625,8405.034390318628,8334.601141237745,8358.078890931372,37195700
2023-11-15,8498.9443359375,8498.9443359375,8405.033348800069,8428.511095584427,84977900
2023-11-16,8522.4228515625,8522.4228515625,8405.03410705062,8498.945102660124,48714300
2023-11-17,8522.4228515625,8522.4228515625,8428.511855952996,8475.467353757747,57050500
2023-11-20,8334.6005859375,8475.467074713908,8334.6005859375,8428.511578455105,49216000
2023-11-21,8240.689453125,8358.078191773504,8240.689453125,8287.644948584402,107614800
2023-11-22,8334.6005859375,8334.6005859375,8240.689593419895,8240.689593419895,40364800
2023-11-23,8381.556640625,8428.512140012255,8311.123391544117,8311.123391544117,55542100
2023-11-24,8381.556640625,8428.512140012255,8358.078890931372,8381.556640625,43631900
2023-11-27,8334.6005859375,8405.033830325703,8334.6005859375,8358.0783340669,35679000
2023-11-28,8334.6005859375,8405.033830325703,8311.122837808098,8334.6005859375,69070600
2023-11-29,8358.078125,8405.033620084268,8358.078125,8358.078125,54715600
2023-11-30,8428.51171875,8428.51171875,8358.078473189415,8381.55622170961,205312100
2023-12-01,8405.0341796875,8428.511928792772,8358.078681476956,8381.556430582228,80566400
2023-12-04,8421.5478515625,8515.906931131827,8421.5478515625,8445.137621454833,54747400
2023-12-05,8397.95703125,8445.136565133427,8327.18773042486,8445.136565133427,94363900
2023-12-06,8303.5986328125,8445.137245871803,8303.5986328125,8350.778170498934,81852800
2023-12-07,8327.1875,8327.1875,8232.828434844192,8256.418201133145,91322500
2023-12-08,8256.4189453125,8350.778018973215,8256.4189453125,8303.598482142857,43891600
2023-12-11,8256.4189453125,8280.008713727679,8185.649640066965,8185.649640066965,78642800
2023-12-12,8209.23828125,8256.417811602012,8209.23828125,8209.23828125,87589300
2023-12-13,8185.64892578125,8256.418224851404,8185.64892578125,8209.23869213797,51560500
2023-12-14,8539.4951171875,8539.4951171875,8256.41793098239,8280.007696499482,115332800
2023-12-15,8704.6240234375,8704.6240234375,8563.085421430387,8610.264955432758,275013500
2023-12-18,8681.03515625,8704.624925696331,8633.855617357336,8681.03515625,111712200
2023-12-19,8728.212890625,8728.212890625,8610.264067778717,8610.264067778717,65174500
2023-12-20,8775.3935546875,8775.3935546875,8704.624251827117,8728.214019447245,72938100
2023-12-21,8798.9833984375,8798.9833984375,8728.214094964811,8775.393630613271,88116700
2023-12-22,8798.9833984375,8822.573166261729,8751.803862789042,8751.803862789042,64449600
2023-12-27,8846.162109375,8869.751875,8798.982578125,8846.162109375,64464700
2023-12-28,8869.7529296875,8893.34269811752,8798.98362439744,8798.98362439744,70184600
2023-12-29,8869.7529296875,8916.93246654754,8822.57339282746,8893.34269811752,79903400
2024-01-02,8893.3427734375,8893.3427734375,8822.573467548076,8869.753004807691,30545200
2024-01-03,8822.572265625,8893.341561873329,8798.982500208891,8893.341561873329,34603300
2024-01-04,8940.5224609375,8940.5224609375,8846.163384832618,8869.75315385884,56501800
2024-01-05,9034.880859375,9058.470626631854,8940.521790347584,8964.11155760444,85290100
2024-01-08,9034.880859375,9082.060393888707,8940.521790347584,9058.470626631854,50896000
2024-01-09,9082.0595703125,9082.0595703125,9034.88004007711,9058.469805194805,59848600
2024-01-10,9011.291015625,9105.65008385144,9011.291015625,9105.65008385144,52774900
2024-01-11,9034.880859375,9105.65016114556,9034.880859375,9082.060393888707,39381500
2024-01-12,9152.830078125,9152.830078125,9058.471005154639,9105.65054163982,68253400
2024-01-15,9176.4189453125,9200.008711238754,9105.64964753374,9200.008711238754,88399500
2024-01-16,9152.830078125,9200.00961461018,9129.24030988241,9152.830078125,44869200
2024-01-17,9200.0087890625,9200.0087890625,9105.649724559295,9200.0087890625,107706100
2024-01-18,9129.240234375,9200.00953851744,9082.060698280038,9129.240234375,71048900
2024-01-19,9082.0595703125,9223.598161018668,9058.469805194805,9223.598161018668,63176500
2024-01-22,9082.0595703125,9105.649335430195,8987.700509841721,9058.469805194805,52868300
2024-01-23,9058.470703125,9058.470703125,8916.932098388672,8916.932098388672,92348600
2024-01-24,8987.701171875,9058.470472440946,8940.52163816437,9058.470472440946,84906000
2024-01-25,8964.111328125,9034.880628083882,8916.931794819078,8916.931794819078,63212700
2024-01-26,8822.572265625,8916.931327289438,8775.39273479278,8869.75179645722,78977300
2024-01-29,9011.291015625,9011.291015625,8846.16264622873,8869.75241328534,73452800
2024-01-30,9105.6494140625,9105.6494140625,8940.521056812662,8964.110822134067,73136400
2024-01-31,9011.291015625,9152.82961796466,9011.291015625,9152.82961796466,102581200
2024-02-01,9152.830078125,9176.41984636759,9034.88123691205,9105.65054163982,104208700
2024-02-02,9152.830078125,9247.189151095361,9082.06077339723,9223.59938285277,99324000
2024-02-05,9034.880859375,9129.239928402416,8987.701324861293,9129.239928402416,57983300
2024-02-06,9082.0595703125,9200.008395900973,9082.0595703125,9200.008395900973,87651000
2024-02-07,9152.830078125,9176.41984636759,9105.65054163982,9152.830078125,92953500
2024-02-12,9247.1884765625,9247.1884765625,9152.829410475128,9200.008943518813,87949400
2024-02-13,9176.4189453125,9247.18824309126,9152.829179386246,9200.008711238754,66072400
2024-02-15,9294.3681640625,9412.31699863182,9294.3681640625,9388.727231717956,164748900
2024-02-16,9388.7275390625,9435.907074434674,9317.958236004239,9412.317306748586,142277200
2024-02-19,9317.9580078125,9412.317076246045,9270.778473595728,9341.547774920886,53341300
2024-02-20,9459.49609375,9459.49609375,9294.367733011222,9294.367733011222,63997700
2024-02-21,9412.3173828125,9435.907150689223,9294.368543428885,9388.727614935777,75371600
2024-02-22,9317.9580078125,9412.317076246045,9317.9580078125,9412.317076246045,66913000
2024-02-23,9270.7783203125,9365.13738718591,9247.188553594147,9341.547620467558,55192300
2024-02-26,9247.1884765625,9317.957776128029,9176.419176996971,9200.008943518813,41356000
2024-02-27,9317.9580078125,9341.547774920886,9200.00917227057,9200.00917227057,43735800
2024-02-28,9435.9072265625,9435.9072265625,9341.548154296876,9412.317458496094,54043100
2024-02-29,9317.9580078125,9435.90684335443,9294.368240704114,9435.90684335443,126671200
2024-03-01,9270.7783203125,9365.13738718591,9247.188553594147,9341.547620467558,51520600
2024-03-04,9200.0087890625,9270.778087439903,9200.0087890625,9247.188321314103,43822900
2024-03-05,9247.1884765625,9341.547542649872,9223.598710040656,9341.547542649872,61952900
2024-03-06,9388.7275390625,9435.907074434674,9223.599165259893,9341.548003690326,70242200
2024-03-07,9553.85546875,9601.035001929013,9435.906635802468,9483.086168981481,118369300
2024-03-08,9577.4453125,9718.98391317734,9553.855545720444,9671.804379618226,100947200
2024-03-13,9435.9072265625,9813.343515625,9435.9072265625,9813.343515625,141622600
2024-03-14,9742.5732421875,9742.5732421875,9459.496053552513,9483.085819272095,110681100
2024-03-15,9577.4453125,9718.98391317734,9483.086245381774,9624.624846059114,154176800
2024-03-18,9577.4453125,9695.394146397783,9577.4453125,9601.035079279556,62444100
2024-03-19,9601.03515625,9671.804457156019,9577.445389281327,9577.445389281327,55004800
2024-03-20,9553.85546875,9577.445235339506,9506.675935570987,9530.265702160494,66269700
2024-03-21,9553.85546875,9648.214535108025,9483.086168981481,9601.035001929013,90279400
2024-03-22,9530.2666015625,9553.85637037825,9388.727988668008,9435.907526299505,91968200
2024-03-25,9725.74609375,9725.74609375,9580.94590376861,9725.74609375,66971000
2024-03-26,9701.61328125,9701.61328125,9605.079815764926,9701.61328125,65742700
2024-03-27,9725.74609375,9725.74609375,9653.345998759305,9677.479363756203,39514100
2024-03-28,9725.74609375,9749.879458746898,9629.212633762407,9677.479363756203,79229700
2024-04-01,9508.5458984375,9749.879550682106,9484.412533213039,9725.746185457645,79248700
2024-04-02,9556.8125,9605.079229797979,9460.27904040404,9580.94586489899,76763100
2024-04-03,9194.8125,9460.279527559056,9194.8125,9412.01279527559,177418400
2024-04-04,9508.5458984375,9508.5458984375,9243.078880968433,9243.078880968433,75993500
2024-04-05,9484.412109375,9605.078930104963,9484.412109375,9605.078930104963,70428600
2024-04-16,9146.5458984375,9243.07936438407,8929.345600057717,9025.879066004287,283265900
2024-04-17,9194.8125,9339.612696850394,9194.8125,9218.945866141732,95620700
2024-04-18,9146.5458984375,9243.07936438407,9122.412531950857,9194.812631410785,127134000
2024-04-19,9146.5458984375,9170.679264924142,8977.612333031002,9025.879066004287,147784300
2024-04-22,9025.87890625,9098.279004428476,9025.87890625,9074.145638368984,128908000
2024-04-23,9387.87890625,9436.145635845116,9074.145163881749,9074.145163881749,178833000
2024-04-24,9605.0791015625,9605.0791015625,9412.012184948178,9484.412278678548,132832700
2024-04-25,9436.1455078125,9653.345788043478,9363.745414402174,9653.345788043478,104874100
2024-04-26,9291.345703125,9484.412626826299,9291.345703125,9363.745799512986,100932900
2024-04-29,9460.279296875,9508.546027981505,9194.812275789222,9194.812275789222,90063500
2024-04-30,9460.279296875,9701.612952407526,9460.279296875,9701.612952407526,109623000
2024-05-02,9218.9462890625,9556.813430546466,9170.679554564791,9556.813430546466,97079400
2024-05-03,9508.5458984375,9508.5458984375,9339.612341866276,9412.012437539657,81200400
2024-05-06,9460.279296875,9532.679393534758,9436.145931321747,9508.546027981505,53076200
2024-05-07,9363.7451171875,9412.011844595683,9291.345026075225,9363.7451171875,66746800
2024-05-08,9050.01171875,9363.745458333333,9050.01171875,9267.212,112808900
2024-05-13,9194.8125,9194.8125,8881.078740157482,8881.078740157482,145469900
2024-05-14,9218.9462890625,9339.613125306774,9194.812921813646,9291.346390809063,95363500
2024-05-15,9170.6787109375,9267.212171052632,9098.278615851152,9170.6787109375,54741900
2024-05-16,9267.212890625,9339.612991333008,9194.812789916992,9243.07952372233,61126000
2024-05-17,9412.01171875,9508.54517227564,9243.078175080127,9267.211538461539,99848500
2024-05-20,9146.5458984375,9460.279662763853,9146.5458984375,9363.746196817283,87890100
2024-05-21,9050.01171875,9243.078635416667,9050.01171875,9122.4118125,75311400
2024-05-22,9098.2783203125,9243.078505781665,9001.744863333057,9146.545048802222,121712700
2024-05-27,8977.611328125,9050.011419480847,8953.477964339718,8977.611328125,128578500
2024-05-28,8977.611328125,9074.144783266129,8977.611328125,8977.611328125,73945700
2024-05-29,8832.8125,9001.746072404372,8832.8125,8953.479337431694,117351600
2024-05-30,8688.01171875,8929.345377604166,8470.81142578125,8688.01171875,207115100
2024-05-31,8929.3447265625,8929.3447265625,8712.1444494299,8784.544541807432,756431600
2024-06-03,8953.478515625,9025.878611438678,8905.211785082547,9025.878611438678,72197700
2024-06-04,9025.87890625,9194.812468666443,9025.87890625,9194.812468666443,75353100
2024-06-05,9122.412109375,9170.678840112434,8977.611917162698,9170.678840112434,82087300
2024-06-06,9146.5458984375,9194.812631410785,9122.412531950857,9194.812631410785,44991300
2024-06-07,9001.7451171875,9170.67867166555,9001.7451171875,9170.67867166555,51599800
2024-06-10,9194.8125,9194.8125,9122.412401574804,9170.679133858268,45584700
2024-06-11,8977.611328125,9218.944965977822,8977.611328125,9218.944965977822,68690900
2024-06-12,8929.3447265625,9001.744818940033,8929.3447265625,8977.611454814189,49785700
2024-06-13,8881.078125,9146.545134171196,8881.078125,9146.545134171196,84652200
2024-06-14,8881.078125,8929.344853940218,8784.544667119566,8881.078125,52986300
2024-06-19,8736.2783203125,8929.345244518301,8736.2783203125,8929.345244518301,100051000
2024-06-20,9098.2783203125,9098.2783203125,8784.54458512931,8832.811313619031,81474800
2024-06-21,9267.212890625,9339.612991333008,9074.145955403646,9146.546056111654,166841200
2024-06-24,9267.212890625,9412.013092041016,9243.07952372233,9267.212890625,79592300
2024-06-25,9267.212890625,9267.212890625,9122.412689208984,9267.212890625,80029000
2024-06-26,9170.6787109375,9315.478901110197,9122.411980879933,9194.812075966283,77913200
2024-06-27,9412.01171875,9412.01171875,9218.944811698717,9243.078175080127,89150700
2024-06-28,9580.9462890625,9629.213020997324,9436.146093258028,9460.279459225441,166172300
2024-07-01,9532.6796875,9556.813053797468,9484.412954905063,9508.546321202532,68634600
2024-07-02,9556.8125,9653.34595959596,9508.54577020202,9653.34595959596,78848500
2024-07-03,9653.3466796875,9653.3466796875,9580.946579589843,9629.21331298828,55860200
2024-07-04,9484.412109375,9653.345658396947,9484.412109375,9629.212294250954,67054000
2024-07-05,9605.0791015625,9629.21246613929,9532.67900783213,9580.94573698571,36946900
2024-07-08,9701.61328125,9701.61328125,9605.079815764926,9653.346548507463,72903600
2024-07-09,9725.74609375,9798.146188740695,9725.74609375,9749.879458746898,61853200
2024-07-10,9749.8798828125,9870.546713045327,9701.61315071937,9822.279980952197,62325900
2024-07-11,9725.74609375,9774.012823743797,9653.345998759305,9653.345998759305,55908400
2024-07-12,9725.74609375,9749.879458746898,9677.479363756203,9701.612728753102,62646500
2024-07-15,9701.61328125,9725.746647621268,9605.079815764926,9701.61328125,36682600
2024-07-16,9605.0791015625,9677.47919529287,9605.0791015625,9629.21246613929,37192700
2024-07-17,9460.279296875,9605.079490194516,9460.279296875,9556.81275908801,90666000
2024-07-18,9749.8798828125,9749.8798828125,9460.279490253713,9460.279490253713,65383200
2024-07-19,9774.013671875,9774.013671875,9629.213469328703,9701.613570601852,53880300
2024-07-22,9749.8798828125,9798.14661490563,9749.8798828125,9774.013248859066,31285300
2024-07-23,9822.2802734375,9846.413640202702,9774.013539907095,9846.413640202702,39321100
2024-07-24,9725.74609375,9822.279553737593,9725.74609375,9774.012823743797,24658000
2024-07-25,9942.9462890625,9942.9462890625,9846.412829945388,9870.546194724666,98088100
2024-07-26,9967.080078125,10039.480175544793,9942.946712318402,10015.346809738196,75565800
2024-07-29,9894.6796875,10063.613243140244,9822.27959222561,10039.479878048782,69092500
2024-07-30,9822.2802734375,9942.947107263513,9822.2802734375,9942.947107263513,32122900
2024-07-31,9918.8125,9991.212591240876,9870.545772506082,9991.212591240876,82519900
2024-08-01,10015.3466796875,10015.3466796875,9846.41312123494,9846.41312123494,61176200
2024-08-02,9846.4130859375,9991.213278377758,9846.4130859375,9918.813182157628,55699900
2024-08-05,9532.6796875,9798.146716772151,9532.6796875,9653.34651898734,126328300
2024-08-06,9653.3466796875,9725.746779785157,9605.079946289063,9725.746779785157,78473900
2024-08-07,9749.8798828125,9749.8798828125,9653.346418626237,9653.346418626237,52327400
2024-08-08,9870.5458984375,9870.5458984375,9725.745714108343,9798.145806272922,54162100
2024-08-09,9798.146484375,9894.679947275246,9749.879752924877,9870.546581550185,47062400
2024-08-12,9846.4130859375,9846.4130859375,9725.746258903951,9749.879624310663,40364100
2024-08-13,9942.9462890625,9942.9462890625,9822.279465166112,9894.679559503944,55207100
2024-08-14,9846.4130859375,9942.946547564337,9846.4130859375,9942.946547564337,47999100
2024-08-15,9870.5458984375,9942.945990602078,9822.279170327782,9846.41253438264,33396600
2024-08-16,9967.080078125,9967.080078125,9894.679980705205,9942.946712318402,40731400
2024-08-19,10015.3466796875,10063.613410673946,9918.813217714609,9967.079948701054,51054400
2024-08-20,10063.61328125,10087.746646432854,9942.946455335732,9967.079820518586,60304400
2024-08-21,10063.61328125,10136.01337679856,10063.61328125,10136.01337679856,84848800
2024-08-22,9967.080078125,10039.480175544793,9870.546614898607,9991.213443931598,56611600
2024-08-23,9967.080078125,10015.346809738196,9942.946712318402,9967.080078125,46651600
2024-08-26,9967.080078125,10015.346809738196,9894.679980705205,9918.813346511803,35145600
2024-08-27,9846.4130859375,9942.946547564337,9822.27972053079,9918.813182157628,60448400
2024-08-28,9991.212890625,9991.212890625,9894.679432744566,9942.946161684782,38489900
2024-08-29,9870.5458984375,10136.012903040953,9870.5458984375,10136.012903040953,53004700
2024-08-30,9967.080078125,9967.080078125,9846.41324909201,9967.080078125,158403700
2024-09-02,9918.8125,10015.345954987835,9846.412408759124,10015.345954987835,72008600
2024-09-03,9822.2802734375,9967.080474028717,9798.146906672297,9967.080474028717,50950200
2024-09-04,9942.9462890625,9942.9462890625,9774.012735607555,9798.146100386833,44817000
2024-09-05,9894.6796875,9991.213147865854,9894.6796875,9991.213147865854,39332900
2024-09-06,9942.9462890625,9942.9462890625,9870.546194724666,9870.546194724666,31541800
2024-09-09,9918.8125,9991.212591240876,9846.412408759124,9942.94586374696,36185100
2024-09-10,9991.212890625,9991.212890625,9918.812797214674,9991.212890625,55093100
2024-09-11,10063.61328125,10063.61328125,9991.21318570144,10063.61328125,64621300
2024-09-12,10111.8798828125,10136.013247687948,10015.34642331071,10087.746517937052,70759100
2024-09-13,10063.61328125,10063.61328125,9967.079820518586,10039.479916067146,70057100
2024-09-17,10136.013671875,10136.013671875,9991.2134765625,10087.746940104167,89745000
2024-09-18,10256.6806640625,10256.6806640625,10087.747100183824,10136.013832720588,65420200
2024-09-19,10522.1474609375,10522.1474609375,10280.813803576548,10329.080535048739,140886600
2024-09-20,10401.48046875,10522.147295533643,10401.48046875,10522.147295533643,142194600
2024-09-23,10570.4140625,10570.4140625,10353.213773544521,10353.213773544521,72553800
2024-09-24,10425.61328125,10570.413465711805,10401.479917173032,10401.479917173032,105191100
2024-09-25,10473.8798828125,10473.8798828125,10160.146153603831,10304.946336315525,158369100
2024-09-26,10329.0810546875,10498.01462333893,10304.947687737294,10498.01462333893,84960100
2024-09-27,10280.814453125,10377.347922168428,10039.480780516433,10136.01424955986,93027400
2024-09-30,9967.080078125,10184.280370384382,9967.080078125,10111.880272964589,144692100
2024-10-01,10184.2802734375,10184.2802734375,10015.346714399437,10039.480079976303,59797700
2024-10-02,10136.013671875,10184.280403645833,9967.080110677083,9967.080110677083,86746200
2024-10-03,10087.7470703125,10160.147168903259,10039.48033791866,10087.7470703125,60887000
2024-10-04,10111.8798828125,10111.8798828125,9991.213058435262,10039.479788186158,58500400
2024-10-07,9942.9462890625,10015.346383400334,9894.679559503944,9991.213018621056,91867900
2024-10-08,10039.4794921875,10136.012948843148,9798.145850548377,9846.412578876203,99622900
2024-10-09,10063.61328125,10160.146741981414,10039.479916067146,10039.479916067146,56835200
2024-10-10,10136.013671875,10136.013671875,10039.480208333332,10063.613574218749,51080000
2024-10-11,10015.3466796875,10208.413603633284,10015.3466796875,10208.413603633284,44632100
2024-10-14,10136.013671875,10136.013671875,10015.346842447916,10015.346842447916,31738600
2024-10-15,10256.6806640625,10256.6806640625,10087.747100183824,10184.280565257353,66635200
2024-10-16,10111.8798828125,10353.213531566975,10111.8798828125,10329.080166691527,63255900
2024-10-17,10353.2138671875,10425.613964160839,10136.013576267482,10184.280307583042,66993300
2024-10-18,10377.3466796875,10498.01350154433,10353.213315316134,10498.01350154433,56299600
2024-10-21,10304.947265625,10473.880827356557,10304.947265625,10473.880827356557,36472500
2024-10-22,10136.013671875,10232.547135416666,10111.880305989584,10111.880305989584,94799500
2024-10-23,10280.814453125,10280.814453125,10111.880882299003,10111.880882299003,48903000
2024-10-24,10329.0810546875,10473.881256388726,10329.0810546875,10353.214421637704,85341200
2024-10-25,10377.3466796875,10377.3466796875,10256.679857830668,10280.813222202034,34847500
2024-10-28,10232.546875,10449.747162441037,10232.546875,10449.747162441037,39061500
2024-10-29,10136.013671875,10208.41376953125,10136.013671875,10160.147037760416,49680100
2024-10-30,9991.212890625,10039.479619565218,9918.812797214674,9918.812797214674,114484100
2024-10-31,9894.6796875,10111.879973323172,9894.6796875,9967.07978277439,97553400
2024-11-01,10063.61328125,10063.61328125,9918.813090152877,9918.813090152877,47710000
2024-11-04,10015.3466796875,10136.013507153615,9942.946583207831,10063.613410673946,49275700
2024-11-05,10136.013671875,10208.41376953125,9942.946744791667,9942.946744791667,50296500
2024-11-06,10087.7470703125,10136.01380270634,10015.34697172174,10111.88043650942,50324900
2024-11-07,9822.2802734375,10087.74730785473,9822.2802734375,9967.080474028717,131579100
2024-11-08,9725.74609375,9870.54628373139,9701.612728753102,9846.412918734492,92166100
2024-11-11,9701.61328125,9701.61328125,9460.279617537313,9460.279617537313,128707600
2024-11-12,9798.146484375,9870.546581550185,9653.34629002463,9749.879752924877,80378500
2024-11-13,9798.146484375,9894.679947275246,9798.146484375,9870.546581550185,62933100
2024-11-14,9749.8798828125,9822.279980952197,9701.61315071937,9774.013248859066,56381400
2024-11-15,9822.2802734375,9918.81374049831,9701.613439611487,9701.613439611487,63598200
2024-11-18,9653.3466796875,9774.013513183594,9653.3466796875,9725.746779785157,65716200
2024-11-19,9580.9462890625,9677.479752932148,9556.812923095087,9556.812923095087,85295300
2024-11-20,9725.74609375,9798.146188740695,9653.345998759305,9677.479363756203,58584400
2024-11-21,9555.970703125,9701.493099619289,9555.970703125,9701.493099619289,93181200
2024-11-22,9555.970703125,9652.985634121193,9555.970703125,9628.731901372144,58396100
2024-11-25,9871.2685546875,9895.522285780098,9604.477512668918,9652.984974854115,165369400
2024-11-26,9701.4931640625,9944.030493164062,9701.4931640625,9944.030493164062,62310100
2024-11-28,9701.4931640625,9774.254362792968,9628.731965332032,9677.239431152344,57443500
2024-11-29,9701.4931640625,9798.508095703126,9652.985698242188,9701.4931640625,76886000
2024-12-02,9458.955078125,9749.999849759615,9458.955078125,9701.492387820514,87879600
2024-12-03,9895.5224609375,9919.776192459405,9604.477682674631,9725.74634028416,126087100
2024-12-04,9895.5224609375,9944.02992398131,9750.000071806066,9871.268729415593,97876300
2024-12-05,9944.0302734375,10041.04520293445,9919.776541063262,9944.0302734375,96904400
2024-12-06,9774.25390625,9871.268833359181,9750.000174472705,9798.507638027295,68247200
2024-12-09,10041.044921875,10041.044921875,9701.492678140097,9725.746409835447,64458400
2024-12-10,10041.044921875,10041.044921875,9968.28372678895,10016.79119017965,61230400
2024-12-11,10113.806640625,10113.806640625,9919.776777015888,9919.776777015888,37934300
2024-12-12,9871.2685546875,10065.298403428285,9871.2685546875,9992.53721015049,44780100
2024-12-13,9750.0,9919.776119402984,9725.746268656716,9822.76119402985,75126400
2024-12-16,9798.5078125,9822.761544709158,9701.492883663366,9701.492883663366,57746100
2024-12-17,9604.4775390625,9749.999926017992,9604.4775390625,9652.985001380997,99845900
2024-12-18,9507.462890625,9725.746477399554,9507.462890625,9604.477818080357,84868500
2024-12-19,9386.1943359375,9483.209264474322,9264.925675266473,9410.448068071706,104254100
2024-12-20,9361.9404296875,9458.955356420012,9337.686698004372,9361.9404296875,91576900
2024-12-23,9483.208984375,9555.970178628517,9410.447790121483,9410.447790121483,43292100
2024-12-24,9458.955078125,9604.477463942309,9458.955078125,9555.970002003205,32415700
2024-12-27,9507.462890625,9531.71662248884,9434.701695033482,9507.462890625,24016700
2024-12-30,9386.1943359375,9531.716728742733,9386.1943359375,9507.462996608527,56350100
2025-01-02,9604.4775390625,9604.4775390625,9361.940227470013,9361.940227470013,38124800
2025-01-03,9555.970703125,9628.731901372144,9531.716970375952,9555.970703125,41916000
2025-01-06,9386.1943359375,9580.224193011143,9361.940603803296,9555.970460876939,41593900
2025-01-07,9240.671875,9434.701730643044,9240.671875,9386.194266732284,71318600
2025-01-08,9386.1943359375,9483.209264474322,9289.17940740068,9386.1943359375,55943100
2025-01-09,9555.970703125,9580.224435874048,9434.70203937976,9458.955772128807,42733800
2025-01-10,9434.7021484375,9628.732012672719,9434.7021484375,9507.463347525707,72531300
2025-01-13,9386.1943359375,9434.701800205912,9337.68687166909,9337.68687166909,88270100
2025-01-14,9240.671875,9434.701730643044,9240.671875,9313.433070866142,70942600
2025-01-15,9507.462890625,9507.462890625,9264.925571986607,9289.179303850447,77098000
2025-01-16,9458.955078125,9628.73119491186,9458.955078125,9555.970002003205,76979000
2025-01-17,9604.4775390625,9604.4775390625,9361.940227470013,9458.955152107008,71033100
2025-01-20,9337.6865234375,9580.223835734578,9337.6865234375,9555.97010450487,112111200
2025-01-21,9289.1796875,9386.194618962141,9264.925954634466,9313.433420365536,124547900
2025-01-22,9313.4326171875,9386.193809509277,9289.178886413574,9361.940078735352,90154800
2025-01-23,9313.4326171875,9458.955001831055,9313.4326171875,9313.4326171875,120515400
2025-01-24,9070.8955078125,9361.940283464237,9070.8955078125,9337.686552159927,152057000
2025-01-30,8876.8662109375,8998.134875021346,8876.8662109375,8876.8662109375,154645800
2025-01-31,9167.9111328125,9216.418599123677,8949.627534412202,8973.881267567791,112982800
2025-02-03,9070.8955078125,9119.402970421123,8949.626851290943,9119.402970421123,90439900
2025-02-04,8901.1201171875,9119.403716791554,8901.1201171875,9070.896250212874,94607700
2025-02-05,8852.6123046875,8901.119769370718,8828.35857234589,8828.35857234589,98229900
2025-02-06,8682.8359375,8828.358327513966,8585.821010824022,8804.104595844972,171477800
2025-02-07,9070.8955078125,9070.8955078125,8561.567150421957,8682.835806943516,131162200
2025-02-10,8876.8662109375,8973.881142204576,8755.597546853654,8755.597546853654,76209100
2025-02-11,8804.1044921875,8828.358223570936,8731.343298037189,8755.597029420627,71188300
2025-02-12,8876.8662109375,8876.8662109375,8682.836348403347,8682.836348403347,121172600
2025-02-13,8731.34375,8876.866145833334,8731.34375,8828.358680555555,90439700
2025-02-14,8707.08984375,8804.104772371169,8682.836111594708,8731.343575905292,116274500
2025-02-17,9046.6416015625,9046.6416015625,8707.089369868465,8707.089369868465,89096400
2025-02-18,9022.388671875,9289.179734753025,8973.881205897176,9046.642404863911,107318300
2025-02-19,8682.8359375,8973.880717527933,8682.8359375,8949.626985858938,154438200
2025-02-20,8731.34375,8755.597482638888,8682.836284722222,8707.090017361112,119260800
2025-02-21,8731.34375,8731.34375,8658.582552083333,8682.836284722222,106054700
2025-02-24,8658.58203125,8707.089493609943,8610.074568890055,8658.58203125,108530300
2025-02-25,8561.5673828125,8731.343506550991,8561.5673828125,8634.328578700424,101592700
2025-02-26,8513.0595703125,8634.328225160256,8464.552108373397,8537.31330128205,117843500
2025-02-27,8270.5224609375,8537.313508064515,8246.268729380497,8537.313508064515,199991600
2025-02-28,8173.5078125,8416.045136313056,8173.5078125,8270.522742025223,293095000
2025-03-03,8537.3134765625,8634.32840243253,8294.77616188743,8343.283624822443,192944300
2025-03-04,8585.8212890625,8658.582486427436,8416.045161877648,8634.328753972457,125418500
2025-03-05,8731.34375,8901.119878472222,8561.567621527778,8561.567621527778,155207900
2025-03-06,8707.08984375,8925.373433147632,8707.08984375,8925.373433147632,96270100
2025-03-07,8658.58203125,8731.343224789916,8658.58203125,8731.343224789916,82295300
2025-03-10,8658.58203125,8707.089493609943,8464.552181810224,8488.805912990196,97652100
2025-03-11,8658.58203125,8779.85068714986,8610.074568890055,8682.835762429972,109295600
2025-03-12,8852.6123046875,8852.6123046875,8707.089910637842,8755.597375321062,87968900
2025-03-13,8707.08984375,8901.11970099234,8707.08984375,8876.865968837048,83030700
2025-03-14,8488.806640625,8658.5827734375,8488.806640625,8537.314107142858,111397800
2025-03-17,8343.2841796875,8513.060311250909,8294.776713526526,8488.806578170423,151365700
2025-03-18,8052.23876953125,8294.776081866528,7833.9551884295,8246.268619399472,417305700
2025-03-19,8076.49267578125,8149.253871058559,7979.477748744839,8052.238944022148,214108200
2025-03-20,8125.0,8222.014925373134,8100.746268656717,8197.76119402985,152917300
2025-03-21,7900.0,8275.0,7900.0,8275.0,377916400
2025-03-24,7950.0,8100.0,7625.0,7825.0,331836800
2025-03-25,8050.0,8150.0,8000.0,8075.0,136341700
2025-03-26,8525.0,8650.0,8275.0,8300.0,283104600
2025-03-27,8500.0,8575.0,8375.0,8425.0,122943900
2025-04-08,7775.0,8000.0,7275.0,7400.0,533073600
2025-04-09,7925.0,7950.0,7675.0,7700.0,136753900
2025-04-10,8225.0,8650.0,8175.0,8500.0,144148600
2025-04-11,8275.0,8325.0,8050.0,8200.0,82603000
2025-04-14,8400.0,8400.0,8250.0,8250.0,83319300
2025-04-15,8575.0,8600.0,8450.0,8575.0,83431800
2025-04-16,8475.0,8550.0,8425.0,8500.0,76874900
2025-04-17,8500.0,8500.0,8350.0,8450.0,83540600
2025-04-21,8300.0,8500.0,8300.0,8500.0,40683800
2025-04-22,8500.0,8500.0,8325.0,8325.0,56537100
2025-04-23,8725.0,8725.0,8550.0,8550.0,92329600
2025-04-24,8475.0,8850.0,8475.0,8850.0,143675300
2025-04-25,8600.0,8650.0,8575.0,8650.0,58297000
2025-04-28,8775.0,8775.0,8650.0,8750.0,73235400
2025-04-29,8725.0,8825.0,8700.0,8800.0,60315700
2025-04-30,8825.0,8925.0,8675.0,8800.0,164597500
2025-05-02,8975.0,9000.0,8850.0,9000.0,92219000
2025-05-05,8975.0,9050.0,8975.0,9000.0,86385600
2025-05-06,9025.0,9050.0,8975.0,9050.0,48860500
2025-05-07,9075.0,9100.0,9000.0,9075.0,77382000
2025-05-08,8975.0,9200.0,8925.0,9075.0,99614500
2025-05-09,9000.0,9050.0,8975.0,9050.0,47167500
2025-05-14,9275.0,9300.0,9150.0,9250.0,149002900
2025-05-15,9275.0,9400.0,9250.0,9275.0,101401300
2025-05-16,9300.0,9325.0,9225.0,9300.0,63007500
